Real_VV,Imag_VV,Real_VH,Imag_VH,s_moisture,s_roughness
0.0315458551049232,0.39257064461708,-0.122639395296573,0.0455517768859863,0.23491924923614135,2.076178949691444
0.262882113456726,-0.51174384355545,-0.0595677085220813,0.0911035537719726,0.241677979907684,2.076178949691444
0.262882113456726,-0.51174384355545,-0.0595677085220813,0.0911035537719726,0.24390519187358892,2.076178949691444
0.112163797020912,-0.0911330804228782,-0.0210240371525287,0.0876001566648483,0.24492176962503387,2.076178949691444
0.0841227024793624,-0.241852760314941,-0.0455520041286945,-0.164688020944595,0.2408290005777007,2.076178949691444
-0.227846100926399,0.606421172618866,0.0,0.0105126267299056,0.23954445346006717,0.29411764705882365
-0.168252542614936,0.290936708450317,0.105124369263648,-0.0946119353175163,0.23098036683027637,0.29411764705882365
0.122654654085636,0.266335815191268,0.0525494888424873,-0.0245230942964553,0.20149094781682653,0.48642470798654175
-0.31889995932579,0.480102121829986,-0.0315294824540615,-0.210196539759635,0.18116405500479718,0.48642470798654175
-0.017522033303976,0.262830525636673,0.322302460670471,-0.0315295867621898,0.1830656934306568,0.48642470798654175
0.0,-0.0175197683274745,-0.0175141673535108,-0.0245198346674442,0.15637237237237267,0.48
-0.108622930943965,-0.0875991359353065,0.0700569078326225,-0.00350284529849886,0.16298750955901073,0.48
-0.329371660947799,-0.0665751248598098,0.0245198346674442,0.0175141673535108,0.14577695484973635,0.48
0.140158861875534,0.101615168154239,0.0385313630104064,-0.0420342124998569,0.15443002883122625,0.48
-0.0315360054373741,0.318864047527313,0.0,-0.0105086416006088,0.16283858181017416,0.48
0.066575787961483,-0.0946077033877372,-0.0350286848843097,0.0140114743262529,0.13279206134415852,0.48
-0.213696271181106,-0.318792790174484,0.112067110836505,-0.0980587229132652,0.24538964901844157,0.74
-0.301277726888656,-0.0595549009740352,0.0945569351315498,0.0455274134874343,0.2401976038587209,0.74
-0.073568195104599,0.0455422140657901,-0.108565904200077,-0.199621185660362,0.2133517969857017,0.74
-0.0700642317533493,0.241721600294113,0.143585756421089,0.108564838767051,0.24056402601556684,0.74
0.231223702430725,0.0245237257331609,0.0280181150883436,0.0350226424634456,0.18060200668896317,0.5
-0.0350190587341785,0.0350190587341785,-0.168037325143814,0.045510109513998,0.0733944954128439,0.57
0.045524850487709,0.0105057349428534,0.0175039172172546,-0.038508616387844,0.062286978014830144,0.57
0.045524850487709,0.0105057349428534,0.0175039172172546,-0.038508616387844,0.08272125225767615,0.57
0.150582462549209,0.129570946097373,-0.108524471521377,-0.0490110516548156,0.07738539153323129,0.57
0.0980541855096817,-0.133073538541793,0.0455104894936084,0.0945217907428741,0.06655683690280081,0.57
-0.388716101646423,0.325681060552597,0.0945221036672592,0.0630147382616996,0.07269656992084444,0.57
-0.143568724393844,-0.0910435765981674,0.0595093071460723,0.0420065708458423,0.0974903283404424,1.51
0.164578229188919,-0.0980466082692146,0.0245037488639354,-0.175026774406433,0.09645985401459856,1.51
0.35366752743721,-0.0105049759149551,0.136520653963089,-0.360554546117782,0.09181540211903594,1.51
0.129561156034469,-0.12255784869194,0.136520415544509,-0.189028277993202,0.10772699323631879,1.51
-0.329154819250106,-0.164577409625053,-0.0840124189853668,-0.161023810505867,0.09795558170319184,1.51
0.0,0.223725110292434,0.0104835433885455,-0.0489232018589973,0.2502144772117962,1.39
0.286646842956542,0.0699138641357421,0.0209670159965753,0.0209670159965753,0.28073600705156454,1.39
0.153810754418373,0.108366668224334,0.0943517312407493,0.0279560685157775,0.2401917954182206,1.39
0.094384029507637,0.104871146380901,-0.0489232018589973,-0.1048354357481,0.24405468749999987,1.39
0.195759788155555,0.171289816498756,-0.11182465404272,0.0279561635106802,0.26598353909465045,1.39
0.195759788155555,0.171289816498756,-0.11182465404272,0.0279561635106802,0.23952738461538456,1.39
-0.216721251606941,-0.30410885810852,0.0524146743118763,-0.115312285721302,0.16992720920075713,0.21
-0.269154280424118,-0.422956705093383,0.153749972581863,-0.0628977194428443,0.16139078859771253,0.21
-0.216721251606941,-0.30410885810852,0.0524146743118763,-0.115312285721302,0.17750387500775036,0.21
-0.174774914979934,0.0,-0.00349430553615093,-0.048920277506113,0.1802761883802818,0.21
0.101369097828865,-0.0559277795255184,-0.0244600549340248,-0.122300282120704,0.17181171689806973,0.21
-0.370523422956466,-0.349550396203994,-0.0279544927179813,-0.0279544927179813,0.17975229439543772,0.21
-0.118861518800258,-0.0629266873002052,-0.0629051476716995,0.0174736529588699,0.19578094059405923,0.97
-0.0244714468717575,-0.0174796059727668,0.013978898525238,-0.0104841738939285,0.20445741673835557,0.97
0.174795746803283,-0.00349591509439051,0.0663996562361717,-0.0209683123975992,0.17617370007535793,0.97
0.174795746803283,-0.00349591509439051,0.0663996562361717,-0.0209683123975992,0.16557590076786752,0.97
0.0699180588126182,0.167803332209587,-0.00698941340669989,-0.111830614507198,0.2271966842501885,0.97
-0.122356608510017,-0.136340215802192,0.0209682397544384,0.0803782567381858,0.20459580280640752,0.97
0.157310858368873,0.255193173885345,0.0174729973077774,0.0594081953167915,0.1863019946899042,1.01
-0.19226786494255,0.0978818237781524,-0.0454295612871646,0.0174729097634553,0.23326928004099404,1.01
0.311123311519622,-0.22722490131855,-0.0384402684867382,0.10833166539669,0.25055098163394535,1.01
-0.283875286579132,0.276866018772125,0.0350350998342037,-0.0735737085342407,0.22982079622277068,0.48642470798654175
0.136574015021324,0.315170794725418,0.00700152851641178,-0.147032096982002,0.1846044360099632,1.51
0.105057291686534,0.00700381910428404,0.0175038799643516,-0.0350077599287033,0.16121596311770645,1.51
-0.1295697838068,-0.29065653681755,-0.0280060190707445,-0.00700150476768612,0.17200983977129206,1.51
0.122565194964408,0.00350186275318264,0.00700145773589611,0.185538634657859,0.1721545319465082,1.51
0.076910376548767,0.0978859364986419,0.0314527004957199,-0.157263502478599,0.28427393446134064,1.39
0.269187211990356,0.139837518334388,-0.0838741585612297,-0.136295497417449,0.19697834012438334,1.39
0.178292840719223,0.192276582121849,0.0244632959365844,-0.0594108626246452,0.22389045845640193,1.39
0.139837279915809,-0.0873982980847358,0.0,-0.129305765032768,0.2386146411311973,1.39
0.398536264896392,0.0489430502057075,-0.0384422577917575,-0.213179782032966,0.20422637920101466,1.39
0.0,-0.104871697723865,-0.0104836272075772,-0.0104836272075772,0.14294089544089517,0.21
0.13633345067501,-0.23071813583374,-0.0104836449027061,-0.0489236749708652,0.10559214285714276,0.21
0.031461726874113,0.136334151029586,0.00698913214728236,0.0559130571782588,0.09625580125580128,0.21
0.118854999542236,-0.15031661093235,0.0174727700650692,0.0349455401301384,0.10285036153888617,0.21
-0.0349588021636009,0.48592734336853,0.0489257611334323,-0.0174734853208065,0.19765279682975165,0.21
-0.0349588021636009,0.48592734336853,0.0489257611334323,-0.0174734853208065,0.2277664,0.21
-0.104875862598419,0.0279668979346752,0.0803776234388351,-0.00349467922933399,0.24386400000000003,0.21
0.125868454575538,-0.118875756859779,0.0244660954922437,0.104854688048362,0.08431744208309405,0.21
-0.139854565262794,0.0629345551133155,-0.0174758713692426,0.0104855224490165,0.10752604611443184,0.21
-0.139854565262794,0.0629345551133155,-0.0174758713692426,0.0104855224490165,0.07070553935860054,0.21
-0.339128047227859,0.101388797163963,0.0559196434915065,0.0838794633746147,0.21115585672797668,0.97
-0.0489459782838821,-0.0314652733504772,0.0,-0.0419394485652446,0.2781311306143523,0.97
-0.0524403601884841,-0.111872769892215,0.0594121925532817,0.0873708724975586,0.15927868679960025,1.01
-0.0734161362051963,0.0,0.0279585365206003,-0.118823774158954,0.15921156825615432,1.01
-0.22024767100811,0.125855803489685,0.0489272698760032,-0.0209688302129507,0.20804692806421735,1.01
-0.363582849502563,0.342606902122497,0.0244635939598083,-0.0244635939598083,0.21245316159250585,1.01
-0.174798846244812,0.069919541478157,0.0,-0.122317552566528,0.18821300929235144,1.01
0.149921149015426,-0.11244086921215,0.153353586792945,-0.156761437654495,0.21903867497652174,0.9868337400240361
-0.0851826518774032,-0.0374803654849529,0.14653818309307,-0.149946048855781,0.20697247706422017,0.9868337400240361
0.149921149015426,-0.11244086921215,0.153353586792945,-0.156761437654495,0.07630780894617141,0.9868337400240361
-0.0340729877352714,0.0204437933862209,0.122682869434356,0.173800721764564,0.0519951632406289,0.9868337400240361
0.0,-0.204438358545303,0.126090988516807,0.139722451567649,0.047440446021287455,0.9868337400240361
-0.0749610438942909,0.00681464048102498,-0.051118180155754,-0.0340787880122661,0.02621760905857606,0.9868337400240361
0.0954055413603782,-0.207847788929939,-0.0306710917502641,-0.0374868884682655,0.17934583515045788,2.076178949691444
-0.149922370910644,-0.11584910005331,-0.105644427239894,-0.14653904736042,0.0951225237066942,2.076178949691444
0.0954055413603782,-0.207847788929939,-0.0306710917502641,-0.0374868884682655,0.13787273286197377,2.076178949691444
-0.129478678107261,-0.371399372816085,-0.0988288670778274,-0.0170394591987133,0.058914234739390565,2.076178949691444
-0.0204440020024776,0.218069344758987,0.0817894041538238,-0.0204473510384559,0.13460472939546864,2.076178949691444
-0.112441770732402,0.0851831585168838,0.156762704253196,-0.0272630769759416,0.0978384001849499,2.076178949691444
-0.074950523674488,0.00681368354707956,-0.0851850062608718,-0.0034074003342539,0.12709880427942113,1.576668117563483
-0.074950523674488,0.00681368354707956,-0.0851850062608718,-0.0034074003342539,0.10342465753424651,1.576668117563483
-0.10220418125391,0.0885769575834274,-0.132887214422225,0.0238515511155128,0.15464349445263412,1.576668117563483
-0.10220418125391,0.0885769575834274,-0.132887214422225,0.0238515511155128,0.13217272572111294,1.576668117563483
-0.0204407516866922,-0.28617051243782,0.0715543553233146,0.0,0.13928874434389138,1.576668117563483
-0.262322425842285,-0.0374746322631835,0.109034977853298,0.109034977853298,0.15153970826580232,1.576668117563483
-0.337358742952346,0.26920548081398,0.153370007872581,-0.00340822245925664,0.07294768474252136,0.48642470798654175
0.286244988441467,0.228314459323883,0.0511235482990741,-0.00681647332385182,0.12496591838589476,0.48642470798654175
0.177199661731719,0.122676685452461,-0.23857706785201999,0.102247312664985,0.133301526717557,0.48642470798654175
0.0715618506073951,0.129492878913879,-0.0647570416331291,0.0374909192323684,0.08960963066853671,0.48642470798654175
0.0374849364161491,0.00681544281542301,-0.0170413982123136,-0.0306745152920484,0.049201723264064905,0.48642470798654175
-0.044305857270956,-0.00340814283117651,0.0170434974133968,-0.0136347981169819,0.15659439303963538,0.48
-0.204487711191177,0.166998296976089,0.044312909245491,-0.0409042239189147,0.0915576539894308,0.48
0.255608052015304,-0.299913436174392,-0.0136346565559506,0.0545386262238025,0.1693773408239702,0.48
0.14654891192913,0.0511217154562473,-0.115894824266433,-0.0681734234094619,0.14130587204206846,0.48
0.207896709442138,0.0613465718924999,0.0136347990483045,-0.0170434992760419,0.17782249523406052,0.48
-0.160223215818405,-0.623847842216491,-0.0511434227228164,0.105696409940719,0.26663585951940827,0.74
-0.0749971568584442,-0.0409075394272804,0.00681903772056102,0.129561707377433,0.24396077493422616,0.74
0.252266883850097,-0.504533767700195,-0.218212395906448,-0.119334898889064,0.2631379962192817,0.74
0.170441284775733,0.0170441288501024,0.00681876670569181,0.0715970546007156,0.19367656483657317,0.5
0.129583716392517,0.0579716600477695,-0.0648024305701255,0.0,0.04575645756457573,0.7021962580184307
-0.18414682149887,-0.00682025263085961,0.030696140602231,-0.0272854585200548,0.055357458075904906,0.7021962580184307
0.262579709291458,0.18414682149887,0.0,-0.0579815991222858,0.07675804529201444,0.7021962580184307
0.235299199819564,0.190967470407485,-0.0102320685982704,-0.0306962057948112,0.0217759165883257,0.7021962580184307
0.173916444182395,-0.163686066865921,-0.0102320471778512,0.0375175066292285,0.042024013722126864,0.7021962580184307
0.132994651794433,0.0136404763907194,-0.00682135066017508,-0.105730935931205,0.051128,0.7021962580184307
-0.0170482080429792,0.112518176436424,-0.0647937655448913,-0.00682039652019739,0.022563959177967264,0.57
-0.0170482080429792,0.112518176436424,-0.0647937655448913,-0.00682039652019739,0.06821963394342767,0.57
0.0920601338148117,-0.0750119611620903,0.0136407641693949,-0.11935668438673,0.061068702290076195,0.57
0.0818308815360069,-0.286408096551895,-0.160278305411338,0.0545628294348716,0.0363786552122913,0.57
0.535360693931579,0.156857267022132,0.293302744626998,0.0818519294261932,0.027737226277372268,1.51
0.235283941030502,0.150036141276359,0.061388436704874,0.098903588950634,0.02793218454697049,1.51
0.13639847934246,0.303486615419387,-0.0375157035887241,0.122778668999671,0.04567219152854505,1.51
0.1807272285223,-0.00681989546865224,0.129599168896675,-0.0511575639247894,0.03685827117156662,1.51
-0.105760298669338,0.204697340726852,-0.0477708764374256,-0.160373657941818,0.018759894459103046,1.39
0.0784674733877182,0.115995399653911,0.0204732753336429,0.0648320391774177,0.02466044226044205,1.39
0.0750560015439987,0.317282199859619,0.126252114772796,0.116015464067459,0.06642498727365281,1.39
0.0750560015439987,0.317282199859619,0.126252114772796,0.116015464067459,0.0845570488206254,1.39
0.0784710422158241,-0.218354195356369,0.119432896375656,0.0272989477962255,0.02583538561244344,0.21
0.136471658945083,0.0511768721044063,-0.16379402577877,0.0409485064446926,0.021539752464862817,0.21
-0.0341177731752395,0.290001064538955,-0.0511854216456413,-0.0580101422965526,0.0219307719,0.21
0.310470432043075,0.160352870821952,0.0238864310085773,-0.0102370418608188,0.025815381358174676,0.21
-0.385528445243835,-0.12282321602106,0.105782546103,0.0341234020888805,0.02759429238985311,0.21
-0.211529746651649,-0.262706309556961,0.0272988341748714,0.0989582687616348,0.012603661820140104,0.21
-0.300217896699905,0.259279072284698,0.0238850489258766,0.034121498465538,0.23295540438397577,0.21
-0.163755878806114,-0.00682316161692142,0.109189242124557,-0.119425736367702,0.284777156087208,0.21
-0.0170579385012388,-0.344570368528366,-0.0102365128695964,0.0341217070817947,0.21915973008914938,0.21
-0.20128409564495,0.109171032905578,-0.061419203877449,0.0545948483049869,0.1842344802475875,0.21
-0.0272928159683942,-0.00682320399209857,0.133075222373008,0.00341218500398099,0.25361484325015987,0.21
-0.255765050649642,0.00682040117681026,0.0648051872849464,0.0102323982864618,0.010765465935786887,0.21
-0.170510739088058,0.0375123620033264,-0.105735220015048,0.0682162716984748,0.019273599083947865,0.21
0.098896637558937,0.0409227460622787,-0.00341082760132849,-0.0955031737685203,0.04068230612138025,0.21
-0.112537086009979,0.187561810016632,0.0477513894438743,0.00341081339865922,0.01816367769638816,0.21
-0.293277859687805,0.0579735301434993,0.0443404838442802,0.0341080650687217,0.030380074118762382,0.21
0.0136417653411626,-0.0238730907440185,0.0204662438482046,0.126208499073982,0.028808298237404467,0.97
0.0613883286714553,0.313762575387954,0.0511659272015094,-0.0170553103089332,0.01431559681004053,0.97
0.0477465763688087,0.180754899978637,0.00682213809341192,0.0,0.02103323505762536,0.97
-0.177345171570777,-0.187576621770858,0.0170554164797067,-0.0920992493629455,0.034324867990948034,0.97
0.177344426512718,-0.0238732881844043,-0.08527672290802,-0.0648103132843971,0.01971285434995094,0.97
0.204627767205238,-0.0750301778316497,-0.0306995566934347,-0.0955097302794456,0.03604511752642367,0.97
0.160294756293296,0.173936873674392,-0.0375223904848098,0.0443446449935436,0.13061356932153406,1.01
0.160294756293296,0.173936873674392,-0.0375223904848098,0.0443446449935436,0.11067894656720986,1.01
-0.0648004114627838,-0.0920847952365875,-0.0477560684084892,-0.0443449206650257,0.15379009197001314,1.01
-0.0818534940481185,-0.146654173731803,0.071634404361248,0.105746023356914,0.10380671224362967,1.01
-0.0818534940481185,-0.146654173731803,0.071634404361248,0.105746023356914,0.14193486344403106,1.01
-0.201224014163017,0.040926918387413,0.0784570574760437,-0.0307005867362022,0.08624468164514437,1.01
0.403110474348068,-0.340014904737472,0.0490586310625076,0.10512563586235,0.24154391871580608,0.9868337400240361
0.340015470981597,-0.42063769698143,0.0665796771645546,0.0,0.23216197346986267,0.9868337400240361
0.403110474348068,-0.340014904737472,0.0490586310625076,0.10512563586235,0.22822744651427634,0.9868337400240361
-0.427646905183792,0.308466643095016,0.0665794610977172,-0.0455543659627437,0.26137317441665286,0.9868337400240361
-0.392595827579498,0.0666010752320289,0.0735881924629211,0.0,0.22685009487666058,0.9868337400240361
-0.361046761274337,0.354036152362823,0.00700837559998035,-0.0105125633999705,0.2537348194975879,0.9868337400240361
-0.150734826922416,0.0525819174945354,0.154191225767135,0.154191225767135,0.0748321195497966,2.076178949691444
0.0,-0.101658537983894,0.0245304629206657,0.0525652766227722,0.16488355167394456,2.076178949691444
0.0,-0.101658537983894,0.0245304629206657,0.0525652766227722,0.06256754238867154,2.076178949691444
0.0736150443553924,-0.178779393434524,0.00700872717425227,0.122652724385261,0.07493036211699178,2.076178949691444
-0.0385601967573165,0.0315492525696754,-0.0665827915072441,0.0280348602682352,0.07275284753670919,2.076178949691444
-0.403128683567047,0.192800670862197,-0.0525652766227722,-0.0806000903248786,0.11780256092523761,2.076178949691444
-0.0525872968137264,0.396157652139663,-0.0595799088478088,0.0455611050128936,0.09914258709154737,1.576668117563483
-0.0701166242361068,0.0140233254060149,0.0350471213459968,0.294395834207534,0.10030796965372206,1.576668117563483
0.319032728672027,0.164775148034095,-0.0455615669488906,0.0,0.10041857683874834,1.576668117563483
-0.129717022180557,-0.0806349068880081,0.0315427295863628,0.0735997036099433,0.08866805682262463,1.576668117563483
-0.332957625389099,-0.189260125160217,0.024525886401534,0.220732986927032,0.052627524820267065,0.48642470798654175
-0.189259484410285,0.143697023391723,-0.0700737312436103,0.161169573664665,0.11226508407517305,0.48642470798654175
-0.0420575216412544,0.196268439292907,0.108613915741443,0.122628614306449,0.040333096636756875,0.48642470798654175
-0.25234431028366,0.213791698217391,0.147153839468956,-0.19970878958702,0.08397046564249132,0.48642470798654175
0.308418750762939,-0.592304229736328,-0.508027732372283,-0.0105109186843037,0.15657161321593027,0.48642470798654175
-0.0385474823415279,-0.066582016646862,-0.052547913044691,0.0105095822364091,0.19278815650334863,0.48
-0.0070086563937366,0.136668801307678,-0.0945865586400032,-0.00700641190633177,0.13758134490238613,0.48
0.0665822401642799,-0.105129852890968,-0.0350320599973201,0.0455416776239872,0.10393937720848058,0.48
0.259265333414077,0.448458969593048,-0.168118223547935,-0.147103443741798,0.22537987157479797,0.74
-0.1997040361166,-0.185689717531204,0.17862531542778,0.266186743974685,0.20555853920515577,0.74
-0.0525268428027629,0.189096629619598,0.0140026248991489,-0.00350065622478723,0.05637385804638077,0.7021962580184307
0.252128005027771,-0.231117323040962,-0.0945173949003219,-0.381570249795913,0.06255425115617219,0.7021962580184307
-0.350226074457168,-0.0070045213215053,0.0,0.0350112654268741,0.06772127647928186,0.57
-0.255665451288223,0.0665430650115013,0.00700226472690701,0.178557753562927,0.07952598699040374,0.57
-0.560364484786987,-0.322209566831588,-0.0350114405155181,-0.182059481739997,0.05700938477580835,0.57
-0.206635430455207,0.0315206572413444,0.150549948215484,-0.0210069697350263,0.07712703473737209,0.57
-0.455299884080886,-0.493825286626815,-0.0385129079222679,0.143548101186752,0.06858874299880628,0.57
-0.0315208658576011,0.189125195145607,0.035011850297451,-0.0980331823229789,0.07737963305011687,0.57
-0.0420246347784996,-0.231135502457618,-0.0315082855522632,-0.147038668394088,0.026538311434890115,1.51
-0.0420248508453369,0.350207090377807,-0.0875234603881836,-0.0420112609863281,0.039770780409995966,1.51
-0.0700408294796943,0.115567363798618,0.0910236313939094,0.0210054535418748,0.024171790401027727,1.51
0.0805464014410972,0.325687617063522,0.0455115102231502,-0.0175044275820255,0.050714363616533975,1.51
0.0,0.318683594465255,0.0490123964846134,0.0315079689025878,0.07305206252203539,1.51
-0.0490283258259296,-0.108562722802162,0.0455115847289562,0.0630160421133041,0.07009204005259421,1.51
-0.108378320932388,-0.0769136473536491,-0.111836664378643,-0.0104846870526671,0.21349516416390946,1.39
-0.171307668089866,-0.069921500980854,-0.0209693741053342,-0.0244642700999975,0.12747409063198567,1.39
-0.0699217393994331,-0.0559373870491981,0.0733930617570877,-0.0174745377153158,0.0787544204322202,1.39
-0.139843463897705,-0.0978904291987419,-0.0384439826011657,-0.0594134293496608,0.08534510150044122,1.39
-0.139843463897705,-0.0978904291987419,-0.0384439826011657,-0.0594134293496608,0.057287671232876904,1.39
-0.0594333745539188,0.0699216127395629,-0.0873725414276123,0.0594133287668228,0.10101861535243671,1.39
0.0384546034038066,-0.447471767663955,0.0279575455933809,-0.129303649067878,0.013572549579112778,0.21
-0.171297207474708,0.188776522874832,0.0629042610526084,0.0,0.014115651886168042,0.21
0.0384546034038066,-0.213248267769813,0.0139787727966904,-0.03494693338871,0.013833218297044689,0.21
0.0489424727857112,-0.132843852043151,0.0209682676941156,0.0559153780341148,0.02748728893352588,0.21
0.101381003856658,-0.0594302453100681,0.0873679295182228,0.104841515421867,0.016576058546785143,0.21
0.132843628525733,-0.195769548416137,0.0,0.0559152849018573,0.014649615137908667,0.21
0.423019438982009,0.171305388212203,0.017474241554737,0.00349484826438128,0.24622287415332855,0.21
0.237729921936988,-0.0594324804842472,-0.0349484831094741,-0.0803815126419067,0.057239627434377896,0.21
0.237729921936988,-0.0594324804842472,-0.0349484831094741,-0.0803815126419067,0.2773942382559045,0.21
0.209760621190071,-0.0174800511449575,-0.0314534716308116,-0.0629069432616233,0.286525442236296,0.21
-0.00699199689552187,-0.0139839937910437,-0.0768860056996345,-0.0139792738482356,0.2640356940865958,0.21
-0.00349651766009628,0.041958212852478,-0.0768972933292388,0.160785242915153,0.02225268912008454,0.21
-0.0804197713732719,0.0524476766586303,0.0629158541560173,0.0454392321407794,0.022480471097223995,0.21
0.188810989260673,0.00699299992993474,0.0244671944528818,0.00349531346000731,0.029362189271696634,0.21
0.0944054946303367,0.0594404973089695,0.0524297021329402,0.0244671944528818,0.01601859024012411,0.21
0.0664337202906608,-0.0139860464259982,-0.0734018310904502,0.0838878080248832,0.02486613333333352,0.21
0.0664337202906608,-0.0139860464259982,-0.0734018310904502,0.0838878080248832,0.01395013035630714,0.21
0.0909040570259094,0.216771200299263,0.0943683162331581,0.0,0.042435614422369344,0.97
0.0629331469535827,-0.125866293907165,-0.0838823765516281,-0.020970594137907,0.012930450638187157,0.97
0.209776103496551,-0.13285818696022,-0.0873770341277122,-0.083881951868534,0.03944543192321347,0.97
0.136356070637702,-0.0804151222109794,-0.0489317215979099,-0.041941475123167,0.1619318089348197,0.97
-0.143348693847656,-0.0734225064516067,0.0034951230045408,0.118834175169467,0.021157550587611384,0.97
-0.108381390571594,-0.0314655639231205,-0.0104849580675363,-0.0209699161350727,0.051225183060315614,1.01
-0.0524423420429229,-0.157327026128768,-0.101354077458381,-0.0908691734075546,0.05796010246060688,1.01
0.104884505271911,-0.0839076042175293,-0.0384445823729038,-0.0803841277956962,0.07075083011452192,1.01
-0.0839074626564979,0.0279691535979509,0.0,-0.0629092082381248,0.04250706271692642,1.01
0.384574562311172,0.0734187811613082,-0.031454499810934,-0.0349494442343711,0.04220578380328883,1.01
-0.153331354260444,-0.248737528920173,0.286265462636947,-0.102237664163112,0.17848827714918922,0.9868337400240361
-0.153331354260444,-0.248737528920173,0.286265462636947,-0.102237664163112,0.1272810721498073,0.9868337400240361
-0.258960157632827,-0.0204442236572504,0.25900262594223,-0.0920140892267227,0.1380682926829268,0.9868337400240361
-0.129480630159378,0.337331116199493,-0.10564624518156,-0.0851985812187194,0.1603056400958365,0.9868337400240361
0.139702782034873,0.064740315079689,0.044303260743618,-0.00681588659062981,0.2042684318648711,0.9868337400240361
0.0306667126715183,0.0204444751143455,-0.0511195585131645,0.0170398522168397,0.07283976510067139,2.076178949691444
0.0306667126715183,0.0204444751143455,-0.0511195585131645,0.0170398522168397,0.06366475191796143,2.076178949691444
0.289628863334655,0.0681479647755622,0.00681591220200061,0.0,0.06952638270820082,2.076178949691444
-0.0374815389513969,-0.0102222375571727,-0.0408956445753574,0.0170398522168397,0.05000740795614493,2.076178949691444
-0.132888808846473,0.0988147556781768,-0.013631853275001,-0.0954229682683944,0.04607196736883286,2.076178949691444
-0.183972954750061,-0.0511035993695259,0.112446412444114,-0.126076281070709,0.06044863242161445,1.576668117563483
0.0136275701224803,0.126055017113685,-0.0102223586291074,0.0851863175630569,0.06018968871595331,1.576668117563483
-0.381571173667907,-0.0306619685143232,-0.0102223372086882,0.0851861387491226,0.04208088273564771,1.576668117563483
-0.129461109638214,-0.439486384391784,0.0238520186394453,-0.235112756490707,0.07460019245749902,1.576668117563483
0.299802809953689,-0.0681370049715042,-0.122666761279106,-0.207852005958557,0.05761155843178552,1.576668117563483
0.456636697053909,0.146532669663429,0.265846967697143,-0.0374912396073341,0.031252992817238645,0.48642470798654175
-0.0851935893297195,0.248765274882316,0.17382338643074,-0.10565735399723,0.03991238512451791,0.48642470798654175
-0.201057285070419,-0.0136310020461678,0.051124632358551,0.0613495595753192,0.04252301028695174,0.48642470798654175
0.238543525338172,-0.24876682460308,0.0204499401152133,-0.170416161417961,0.05238095238095245,0.48642470798654175
0.480497807264328,-0.0374856442213058,-0.0272667575627565,-0.0170417241752147,0.030290456431535318,0.48642470798654175
0.265808403491973,-0.0272623989731073,0.0102250771597027,-0.136334359645843,0.033867334167709554,0.48642470798654175
0.187451764941215,-0.0681642815470695,0.0136350998654961,-0.0920369252562522,0.023123500514109326,0.48
-0.0920213907957077,0.0136327985674142,-0.0136350430548191,-0.0818102583289146,0.022061604971629244,0.48
0.139735296368598,-0.105653516948223,0.0818097442388534,0.0409048721194267,0.10529479768786121,0.48
-0.357857197523117,0.109061241149902,-0.16702751815319,0.0272697992622852,0.04736602571396069,0.48
-0.627269685268402,0.184090018272399,0.221626326441764,0.126156523823738,0.14794038847957122,0.74
0.153407394886016,-0.296587616205215,0.139794200658798,-0.276178777217865,0.153185875,0.74
-0.1534064412117,-0.173860624432563,0.0750110521912574,-0.0784206464886665,0.14178123736352619,0.74
0.289756298065185,0.327254176139831,-0.10910265892744,0.279575556516647,0.10266143417766686,0.5
0.0988576188683509,-0.235212951898574,0.201157197356224,0.105692759156227,0.12451452457802008,0.5
-0.139763921499252,-0.0886307805776596,0.194337904453277,0.0920547917485237,0.13774289023291705,0.5
0.170443102717399,-0.43633434176445,-0.446634352207183,-0.0920544043183326,0.10980040367795452,0.5
-0.18407817184925,0.0988567993044853,-0.12273895740509,0.0818259716033935,0.12897277049416525,0.5
0.170443102717399,-0.43633434176445,-0.446634352207183,-0.0920544043183326,0.10467350594365735,0.5
-0.0613830238580703,-0.184149071574211,0.163714960217475,0.0102321850135922,0.06532465401236236,0.7021962580184307
-0.528580427169799,0.0682039260864257,0.0306968111544847,0.00341075682081282,0.054491582491582494,0.7021962580184307
0.296687692403793,-0.0716142654418945,0.0102322911843657,0.027286110445857,0.058781456953642675,0.7021962580184307
-0.180740401148796,-0.11253647506237,-0.0238752979785203,0.0,0.04606380174004709,0.7021962580184307
-0.163688406348228,-0.150047704577445,0.0409288294613361,0.0955005958676338,0.0972794117647059,0.7021962580184307
-0.262546956539154,-0.0852425247430801,-0.0613846667110919,-0.156871929764747,0.037028035760784735,0.57
0.153436854481697,0.0,0.034102663397789,0.0272821299731731,0.03131786034465589,0.57
-0.0545552112162113,-0.177304446697235,-0.010230777785182,0.112538553774356,0.023307315302232557,0.57
-0.0545552112162113,-0.177304446697235,-0.010230777785182,0.112538553774356,0.0385152517456818,0.57
0.139797434210777,0.153436213731765,0.180743351578712,-0.0306922681629657,0.030737062205959197,0.57
-0.1738932877779,-0.279593110084533,-0.0784353092312812,0.0579739212989807,0.01817963207887446,0.57
-0.0477399677038192,-0.184139877557754,-0.095495618879795,-0.115958966314792,0.023272652047993378,1.51
-0.0579694807529449,-0.310307204723358,0.0238737072795629,-0.102315887808799,0.02674357629785002,1.51
-0.511497557163238,0.0579697228968143,-0.242148607969284,-0.170527189970016,0.03419810010554966,1.51
0.504680693149566,0.190960273146629,-0.037516213953495,0.0409267805516719,0.0388711151736745,1.51
-0.252341389656066,-0.375102072954177,-0.126191422343254,-0.109138533473014,0.04707761098690517,1.51
-0.252341389656066,-0.375102072954177,-0.126191422343254,-0.109138533473014,0.02346583623374234,1.51
0.221760720014572,-0.1023510992527,0.0272984281182289,-0.0648337677121162,0.10184568835098352,1.39
0.109174281358718,0.051175445318222,0.0784828141331672,-0.0204737782478332,0.07807664449858431,1.39
0.0614105351269245,0.0477637499570846,-0.0682459250092506,0.112605780363082,0.08941769198133227,1.39
-0.0375287346541881,0.296818196773529,-0.0272984281182289,0.105781406164169,0.0703809306569341,1.39
0.0102351307868957,0.0648224949836731,-0.00682462099939584,0.0,0.09552964639104106,1.39
0.221760720014572,-0.1023510992527,0.0272984281182289,-0.0648337677121162,0.11403726708074544,1.39
-0.214947134256362,0.0102355778217315,0.0477744378149509,0.0,0.01822042755344392,0.21
0.037530530244112,0.0716491937637329,-0.0614244043827056,0.0818992033600807,0.02567065264371143,0.21
0.0818844512104988,-0.00682370457798242,0.0477743372321128,-0.116023391485214,0.02297229791098958,0.21
-0.214944913983345,0.0784719511866569,-0.00682484917342662,0.23545728623867,0.023982580479890506,0.21
-0.214944913983345,0.0784719511866569,-0.00682484917342662,0.23545728623867,0.018267632293638373,0.21
0.013647380284965,-0.266123920679092,0.139910265803337,-0.0921360328793525,0.020105193467706367,0.21
-0.102349020540714,-0.218344569206237,-0.0341223366558551,0.0648324415087699,0.25438020701842967,0.21
-0.238814860582351,-0.218345016241073,-0.0511836111545562,0.136489629745483,0.04358247984310308,0.21
-0.0887030288577079,-0.0170582756400108,-0.12284117937088,0.0,0.23375767560281552,0.21
-0.0887030288577079,-0.0170582756400108,-0.12284117937088,0.0,0.237550091525256,0.21
0.320697546005249,-0.153525412082672,-0.136491045355796,0.0170613806694746,0.08855054075282456,0.21
0.119359381496906,0.0750259011983871,-0.255816876888275,0.00682178325951099,0.032384872208151116,0.21
0.102308258414268,0.0988979786634445,-0.0204653926193714,0.00341089884750545,0.036483045,0.21
0.153463020920753,-0.0511543415486812,0.102327391505241,0.0579855218529701,0.014526181353767655,0.21
0.358081132173538,-0.252361953258514,0.0955057591199874,0.0920948386192321,0.026786162863721964,0.21
-0.139821276068687,0.344437777996063,-0.15349043905735,0.0443416833877563,0.01646969905180695,0.21
-0.0852570533752441,0.00341028231196105,0.0,-0.0375199653208255,0.04337568378330678,0.21
0.0,-0.0954942852258682,-0.0238779261708259,0.0341113246977329,0.02631661442006283,0.97
-0.255789339542388,-0.00341052468866109,-0.0443449057638645,-0.0136445863172411,0.03271470220741355,0.97
0.197813317179679,0.255793094635009,-0.013644783757627,0.0,0.04085482574705938,0.97
-0.122779905796051,0.0409266352653503,0.0,-0.030700571835041,0.023720251316875062,0.97
-0.0613896958529949,0.105726704001426,0.0545785687863826,-0.119390621781349,0.03243902439024421,0.97
-0.150062769651412,0.020463103428483,-0.0170556958764791,0.0,0.024102352455633604,0.97
-0.0238741729408502,0.0716225206851959,-0.0272897444665431,-0.0204673074185848,0.06489201360169088,1.01
-0.0443378426134586,-0.0272848270833492,-0.0784581750631332,-0.0750469490885734,0.08306761359518805,1.01
-0.105729147791862,-0.139835327863693,0.0614023059606552,0.00682247849181294,0.07076598438489111,1.01
-0.163711369037628,-0.0613917596638202,0.0682254955172538,-0.0477578453719615,0.056476473441668784,1.01
-0.361527740955352,-0.0818553417921066,0.0,-0.0170563030987977,0.056057273519163855,1.01
-0.255798459053039,-0.197817489504814,0.136450707912445,-0.0545802824199199,0.06925289590297766,1.01
0.189282357692718,-0.161240518093109,0.0,0.325882136821746,0.03207705192629802,0.9868337400240361
0.189282357692718,-0.161240518093109,0.0,0.325882136821746,0.037639210200677786,0.9868337400240361
-0.04556804895401,0.308460652828216,0.0805946439504623,-0.210246905684471,0.0440926351821148,0.9868337400240361
0.329490393400192,-0.024536520242691,0.0280327778309583,-0.406475275754928,0.05217061611374404,0.9868337400240361
0.329490393400192,-0.024536520242691,0.0280327778309583,-0.406475275754928,0.041578977966397354,0.9868337400240361
0.0,0.0105161359533667,-0.192734450101852,0.0350426286458969,0.03218736797634143,2.076178949691444
0.150731533765792,0.112172305583953,-0.147179290652275,-0.0560682974755764,0.02475723167034885,2.076178949691444
-0.0525808557868003,-0.0315485149621963,0.017521372064948,0.129658162593841,0.05367000435350471,2.076178949691444
-0.0525808557868003,-0.0315485149621963,0.017521372064948,0.129658162593841,0.015220588235294256,2.076178949691444
0.12268928438425,0.220840722322464,0.129658803343772,0.0525643825531005,0.015125988324835592,2.076178949691444
0.203331694006919,0.00701143778860569,-0.147193267941474,0.154202476143836,0.033937944710136426,1.576668117563483
0.525859534740448,-0.185803711414337,0.0420553609728813,0.339947491884231,0.03364578194375911,1.576668117563483
0.0876436904072761,-0.164770141243934,0.252333402633667,0.231305629014968,0.03391433034613171,1.576668117563483
0.452243655920028,-0.147242113947868,-0.290885806083679,0.220792829990386,0.06661382371591638,1.576668117563483
-0.22787620127201,0.206841468811035,0.0630840882658958,0.0350467152893543,0.061469684269348984,1.576668117563483
0.231312558054924,-0.294397801160812,0.0805831477046012,0.0420433804392814,0.026323218066337462,0.48642470798654175
0.0385519638657569,-0.122665338218212,-0.122626118361949,-0.0595612563192844,0.04315452361889509,0.48642470798654175
0.140188723802566,-0.0490660518407821,0.18569067120552,0.0175179876387119,0.03790708164185859,0.48642470798654175
0.332946509122848,0.431078106164932,-0.37838664650917,-0.203207641839981,0.034487655669652666,0.48642470798654175
0.322430789470672,0.431075930595397,0.0420427471399307,-0.0280284993350505,0.03632649587198934,0.48642470798654175
-0.2207942456007,0.410046458244323,-0.00700710155069828,-0.0525532588362693,0.029600174310927107,0.48642470798654175
-0.0490597300231456,0.0,-0.105094239115715,0.0490439794957637,0.029542603,0.48
-0.182181522250175,-0.0280279256403446,-0.00700472900643944,0.161108762025833,0.11871784724970351,0.74
-0.112111888825893,0.248748257756233,-0.112075850367546,0.245165929198265,0.06957149735194994,0.74
-0.451955616474151,0.0,-0.0910625457763671,0.346738159656524,0.10808270676691725,0.74
-0.350353777408599,-0.164666265249252,-0.23466157913208,0.154106110334396,0.08308472553699316,0.74
-0.136636823415756,-0.472973614931106,0.0105071458965539,0.0910619348287582,0.0690585,0.74
0.0665322914719581,-0.00350169953890144,0.168027192354202,0.0420067980885505,0.053332528374788725,0.7021962580184307
0.0525253191590309,-0.262626588344574,0.052508320659399,0.017502773553133,0.04296871113764125,0.7021962580184307
-0.0875420495867729,-0.143568962812423,0.0630098804831504,-0.0630098804831504,0.05013173652694602,0.7021962580184307
0.14006657898426,0.203096538782119,-0.262539833784103,-0.0665100961923599,0.04074352234322223,0.7021962580184307
-0.143567517399787,-0.140065878629684,0.0315046235918998,0.252036988735199,0.03500194455247491,0.7021962580184307
-0.577777564525604,-0.203097566962242,0.15402415394783,-0.0455071367323398,0.03479655241531368,0.7021962580184307
-0.336210012435913,-0.0665415674448013,0.0630189850926399,-0.339602291584014,0.01734608985024977,0.57
-0.150594323873519,-0.105065800249576,0.161048784852027,-0.0105031812563538,0.012785793562708082,0.57
0.315197944641113,-0.511321127414703,0.129539459943771,0.11553518474102,0.031630024561193355,0.57
0.00350220524705946,-0.287180840969085,0.0875268056988716,0.063019298017025,0.009896173242361422,0.57
-0.0420266054570674,0.441279351711273,0.00700216786935925,-0.133041188120841,0.011111815817847464,0.57
0.220640793442726,-0.182116210460662,0.185558378696441,0.108534149825572,0.012878147709987985,0.57
0.0875489264726638,0.189105674624443,0.0175041258335113,0.00700165005400776,0.03247441745777329,1.51
0.0315177701413631,0.28015798330307,0.140033707022666,0.119028650224208,0.027133321306151835,1.51
-0.122568495571613,0.143580242991447,0.0,-0.066515676677227,0.012927645945552641,1.51
-0.0420232750475406,0.346692025661468,0.0910209938883781,-0.182041987776756,0.01763026409707351,1.51
-0.57431423664093,-0.213616877794265,0.0525117591023445,-0.206546247005462,0.010499265785609238,1.51
-0.0280155166983604,0.0525290928781032,0.129529878497123,0.0420096889138221,0.014453609752536732,1.51
-0.171303659677505,0.111871771514415,0.12581318616867,0.0943598896265029,0.03377136075949358,1.39
0.0943919718265533,0.0489439852535724,0.0698963329195976,0.05591706559062,0.03951573849878968,1.39
-0.111872337758541,-0.0874002650380134,-0.0733914002776146,-0.0454327724874019,0.047863031071655016,1.39
-0.569848775863647,-0.132848173379898,-0.00698964530602097,0.0803809165954589,0.06998983444670358,1.39
-0.311143904924392,0.195775941014289,0.11183413118124,0.0873704180121421,0.029669752861412806,1.39
-0.377566576004028,-0.0664237514138221,-0.0244636330753564,0.0803805068135261,0.04248467363865828,1.39
-0.349579483270645,0.223730877041816,0.0559138283133506,0.0559138283133506,0.006210959286112696,0.21
-0.587292551994323,0.342587321996688,0.00349460821598768,0.0489245168864727,0.009678221059516205,0.21
-0.47542729973793,-0.0873947218060493,-0.0629029497504234,0.0524191260337829,0.009835191947103472,0.21
0.0699160173535347,-0.0454454123973846,0.0594085417687892,0.027956960722804,0.008054944322197602,0.21
-0.0769078880548477,0.0384539440274238,0.0,0.0139785287901759,0.007474733585424533,0.21
-0.157311588525772,-0.0873953253030777,-0.0419355854392051,-0.0419355854392051,0.008730879016321677,0.21
0.0209756027907133,-0.360081166028976,0.0174737554043531,-0.0349475108087062,0.02609811228541744,0.21
-0.171300455927848,-0.367072403430938,-0.0244632177054882,0.0524211786687374,0.020992584141471694,0.21
-0.202763468027114,-0.0244714524596929,-0.020968435332179,-0.0698947831988334,0.018686131386861503,0.21
0.269225060939788,0.0209785755723714,-0.0943715050816536,0.0454381331801414,0.008915883184957046,0.21
0.18181400001049,-0.0909070000052452,-0.08738087862730021,0.0349523499608039,0.008535022127269937,0.21
-0.0139856440946459,0.244748771190643,-0.129323258996009,0.0244665630161762,0.007931495405179543,0.21
-0.0384606532752513,0.059439193457365,-0.0139809399843215,-0.00349523499608039,0.0057581271227558906,0.21
-0.0279714819043874,-0.0629358366131782,0.0,0.00349524710327386,0.012034230944774103,0.21
0.286690890789032,-0.164322823286056,-0.00349504454061388,-0.0419405326247215,0.007601612361437745,0.97
0.0279695149511098,-0.00349618936888873,0.101355075836181,0.0244650188833475,0.012939032055311092,0.97
0.0559390261769294,0.0,-0.0209700167179107,0.111840084195137,0.024149063371861245,0.97
-0.164322271943092,-0.0244735293090343,-0.0314552932977676,0.0279602594673633,0.03142968567194436,0.97
-0.0699244886636734,0.216765910387039,0.0838809236884117,-0.00349503848701715,0.04092101174569653,0.97
0.104882888495922,0.199277490377426,0.0489287003874778,-0.11882684379816,0.042191184616602276,1.01
-0.0454491004347801,0.248222008347511,-0.07688769698143,-0.0524234287440776,0.026564535227945617,1.01
0.178299725055694,0.0244725104421377,-0.0314539484679698,0.223672524094581,0.03736502546689287,1.01
-0.00699212215840816,-0.0209763664752244,0.0803820416331291,0.00349487131461501,0.03876695437731208,1.01
0.0559369809925556,-0.0664251595735549,0.157269209623336,0.0,0.041895881279263573,1.01
0.0769129619002342,-0.32513204216957,0.0803816244006156,0.0244639739394187,0.04278251579,1.01
-0.0136254606768488,-0.279321938753128,0.0476969666779041,-0.126056268811225,0.05192514006437012,1.5743400880377685
0.0102190524339675,0.0306571573019027,-0.156717956066131,-0.0442898571491241,0.0709105560032231,1.5743400880377685
0.0102190524339675,0.0306571573019027,-0.156717956066131,-0.0442898571491241,0.05913631022326669,1.5743400880377685
0.228224053978919,-0.0715329125523567,0.177158325910568,-0.0783584862947464,0.04629014396456246,1.5743400880377685
-0.0987833365797996,0.0272505749017,0.126054689288139,-0.153309762477874,0.062008141112618646,1.5743400880377685
0.00681261485442519,-0.0238441526889801,0.0170343481004238,0.0102206086739897,0.05404333231614295,1.5743400880377685
-0.412239283323287,-0.0102208079770207,-0.0170374810695648,0.337342143058776,0.1727634194831015,0.921297415244198
-0.187381491065025,0.0919872745871543,0.0477049499750137,0.0954098999500274,0.19414348462664702,0.921297415244198
-0.115835584700107,0.0885801538825035,0.0749647617340087,0.112447142601013,0.15204480608686477,0.921297415244198
-0.115835584700107,0.0885801538825035,0.0749647617340087,0.112447142601013,0.0964704732107939,0.921297415244198
-0.132878467440605,-0.0136285610496997,-0.0988232716917991,0.0136307962238788,0.09860085068278467,2.076178949691444
-0.132878467440605,-0.0136285610496997,-0.0988232716917991,0.0136307962238788,0.1457383177570096,2.076178949691444
-0.132878467440605,-0.0136285610496997,-0.0988232716917991,0.0136307962238788,0.17653835477005642,2.076178949691444
-0.132878467440605,-0.0136285610496997,-0.0988232716917991,0.0136307962238788,0.11957377494231049,2.076178949691444
-0.126064702868461,-0.0442930050194263,0.0443002730607986,-0.14312395453453,0.13839067223261814,2.076178949691444
-0.126064702868461,-0.0442930050194263,0.0443002730607986,-0.14312395453453,0.04789989499474964,2.076178949691444
-0.180552631616592,0.0204399209469556,-0.14991745352745,-0.0102216443046927,0.21779090372120524,1.576668117563483
0.15670508146286,0.115825496613979,0.129473343491554,0.0715510547161102,0.1540412393869227,1.576668117563483
0.15670508146286,0.115825496613979,0.129473343491554,0.0715510547161102,0.1062794771594123,1.576668117563483
-0.177143767476081,0.0374727211892604,0.183987259864807,-0.143101200461387,0.24637958854376776,1.576668117563483
-0.0442857556045055,-0.27252772450447,-0.0374787263572216,-0.0170357841998338,0.20179595674659137,1.576668117563483
0.197633162140846,0.0681493654847145,0.211297959089279,0.0579365342855453,0.10216346153846154,0.48642470798654175
0.402082949876785,0.350970715284347,0.221522971987724,0.146545961499214,0.09698154180238878,0.48642470798654175
0.405491292476654,-0.132892102003097,0.357845544815063,0.265828132629394,0.07930468669880014,0.48642470798654175
-0.177190586924552,-0.439568936824798,0.1874440908432,0.323767066001892,0.07936296296296304,0.48642470798654175
0.39186543226242,0.385050386190414,-0.132915452122688,0.238566204905509,0.11510400000000004,0.48642470798654175
-0.0647432580590248,0.190822228789329,0.0204486176371574,0.0545296445488929,0.13132795927025875,0.48642470798654175
0.0340794846415519,-0.194253072142601,-0.102255225181579,0.0306765679270029,0.04707683073229286,0.48
0.00681586842983961,0.0,0.146565213799476,-0.126114249229431,0.08635371179039296,0.48
0.0817900747060775,-0.0851980000734329,0.0783950239419937,-0.0477187074720859,0.034478109137055846,0.48
0.00681586842983961,0.0,0.146565213799476,-0.126114249229431,0.08844674803544546,0.48
0.0340794846415519,-0.194253072142601,-0.102255225181579,0.0306765679270029,0.07504409171075833,0.48
-0.490868657827377,-0.0477233417332172,0.105690516531467,-0.132965490221977,0.0749758142534666,0.74
-0.439735561609268,-0.327245086431503,0.0102280927821993,-0.0238655507564544,0.06720109667421609,0.74
-0.0136351259425282,0.081810750067234,-0.156829789280891,-0.184104532003402,0.1474704359387028,0.74
-0.255656480789184,0.0340875275433063,0.102279439568519,-0.0715956091880798,0.05810824036014876,0.74
-0.190893352031707,-0.259069561958313,0.11591862887144,-0.214790388941764,0.15634116102683784,0.74
0.057946752756834,0.23860427737236,0.023864347487688,-0.0579562708735466,0.1386630146366515,0.5
0.0409035086631774,0.122710518538951,-0.112503111362457,-0.180686816573143,0.13198560904574275,0.5
-0.149979218840599,0.685132324695587,-0.105684518814086,-0.126139596104621,0.14806438738858596,0.5
0.180656030774116,-0.00340860430151224,-0.0613649450242519,0.00340916379354894,0.10886864813039297,0.5
0.136343896389007,0.245419010519981,-0.0340915657579898,0.0204549394547939,0.1946734305643626,0.5
-0.119300901889801,0.201107233762741,-0.0715922862291336,0.0886380672454834,0.1381818181818181,0.5
0.443287640810012,0.340990513563156,0.0238732565194368,0.00682093063369393,0.05957039266657544,0.7021962580184307
0.146627128124237,0.00681986659765243,0.12277777493,0.146651223301887,0.08677899397368131,0.7021962580184307
0.0306895263493061,0.112528264522552,-0.143241330981254,0.0579786337912082,0.1237197019711399,0.7021962580184307
-0.208006799221038,0.109118320047855,0.119367778301239,-0.0613891445100307,0.06716703458425294,0.7021962580184307
-0.20118524134159,-0.139806687831878,0.208039253950119,0.00682095950469374,0.08318502039302922,0.7021962580184307
0.0,0.395495891571044,-0.10230030864477099,-0.0613801851868629,0.009444945478396406,0.57
-0.156834259629249,0.115920968353748,0.0443300418555736,-0.0682000666856765,0.036710405859017574,0.57
0.156834259629249,-0.139787048101425,-0.139810130000114,-0.0204600188881158,0.036885986941235585,0.57
0.0545509308576583,-0.0988735631108284,-0.0340999625623226,-0.0954798907041549,0.015351812366737867,0.57
-0.29321002960205,0.0,0.030689837411046,-0.0238698739558458,0.019837207350843322,0.57
-0.187535658478736,0.180716186761856,0.0068206014111638,-0.0375133082270622,0.054827640000000004,1.51
-0.0272776838392019,-0.272776842117309,-0.310334771871566,-0.0682054460048675,0.03745995235356949,1.51
0.0477364510297775,0.156848341226577,-0.248952478170394,0.119360782206058,0.022381136451488287,1.51
0.317108422517776,0.364845186471939,0.0170516464859247,-0.0750272497534751,0.02560590094836677,1.51
0.0716052800416946,-0.194357186555862,0.0988997593522071,0.0,0.024295068,1.51
-0.129570916295051,0.211405172944068,-0.187567710876464,-0.170516103506088,0.016721672167216838,1.51
0.0204686969518661,0.242212921380996,-0.0272963941097259,0.14330606162548,0.022851611118794045,1.39
0.0955201983451843,-0.20809756219387,0.174013778567314,0.143305465579032,0.031075647668393453,1.39
-0.0579944029450416,-0.0648172721266746,-0.180837839841842,0.047768484801054,0.033888433141919555,1.39
-0.242212906479835,-0.453722774982452,-0.0648289322853088,-0.225195243954658,0.020638489208633225,1.39
-0.133046805858612,-0.228567585349082,-0.119421973824501,-0.116009913384914,0.01822429906542072,1.39
-0.133046805858612,-0.228567585349082,-0.119421973824501,-0.116009913384914,0.02077239018824918,1.39
0.0750552788376808,0.115994527935981,-0.0477709174156188,0.020473251119256,0.011082224157233549,0.21
0.102348320186138,-0.122817985713481,-0.0409465879201889,0.105778686702251,0.0371871091871088,0.21
0.00682319374755024,-0.0204695798456668,0.0921294391155242,0.0136488052085042,0.01474932722017327,0.21
0.133051723241806,-0.266103446483612,0.0648315548896789,0.0477706156671047,0.011063499111900474,0.21
-0.341156870126724,0.0238809809088706,-0.0853043124079704,-0.0409460701048374,0.025839087361152827,0.21
0.115993574261665,-0.0545852109789848,0.0614192336797714,-0.037533976137638,0.03952742980561556,0.21
-0.102341406047344,-0.279733180999755,-0.0511796697974205,-0.0545916482806205,0.10267379679144405,0.21
-0.12622132897377,-0.201271846890449,-0.0511797778308391,-0.126243457198143,0.11878696363407587,0.21
-0.143278554081916,-0.272911518812179,-0.075063832104206,-0.0136479698121547,0.16359957147958584,0.21
-0.324083119630813,-0.255855083465576,-0.0204719975590705,0.0750639960169792,0.2681353265145554,0.21
-0.330906599760055,0.0136456321924924,0.0341200679540634,-0.0307080615311861,0.1998732687607493,0.21
-0.324084430932998,-0.177393585443496,-0.126244515180587,0.0545922257006168,0.11615600893951403,0.21
0.0750201195478439,-0.105710163712501,-0.00341062387451529,0.0136424954980611,0.00845602069614284,0.21
0.115940660238265,-0.190961092710495,-0.0409276597201824,-0.0375170186161994,0.007223492818589361,0.21
-0.163681283593177,-0.119350932538509,0.0818554908037185,0.0,0.01867549668874174,0.21
0.0238702353090047,0.0341003350913524,-0.0170532613992691,0.0886769592761993,0.01054409489427537,0.21
0.115940660238265,-0.190961092710495,-0.0409276597201824,-0.0375170186161994,0.0080674546412707,0.21
0.190960690379142,-0.16027058660984,-0.112550824880599,0.00341063109226524,0.009842734494102594,0.21
0.0,0.0716154798865318,0.0511632040143013,0.0306979212909936,0.006409898223907785,0.97
0.0988979786634445,0.289873391389846,-0.0375198386609554,0.00341089419089257,0.031975541967759855,0.97
0.0920778140425682,-0.269412845373153,-0.0682181715965271,-0.0818618014454841,0.01536493034524515,0.97
-0.143232449889183,-0.0579750388860702,-0.0375200696289539,-0.0511637330055236,0.012192924838134373,0.97
0.0886673331260681,0.225078612565994,0.0238763093948364,-0.0136436047032475,0.009890917441727005,0.97
-0.075025737285614,0.037512868642807,-0.0102326394990086,-0.0238761603832244,0.025523896015439095,0.97
0.0920791625976562,0.102310180664062,-0.0375205464661121,0.068219169974327,0.02317481453300379,1.01
0.238724738359451,-0.109131313860416,0.0,0.0,0.024827644000000003,1.01
-0.0409243255853652,-0.105721175670623,-0.0341097973287105,-0.0477537177503109,0.017883959044368677,1.01
-0.146645814180374,-0.0954902917146682,-0.0409318432211875,0.0068219737149775,0.03229272989889267,1.01
-0.279651314020156,-0.139825657010078,0.0204660072922706,-0.0102330036461353,0.03839275714019025,1.01
-0.279651910066604,-0.252368777990341,0.020466050133109,-0.0818642005324363,0.009302703627652434,1.01
0.056085355579853,-0.217330753803253,0.0630761161446571,-0.175211429595947,0.07285688719203008,2.08
0.1402138620615,0.105160392820835,-0.0350424014031887,-0.0525636002421379,0.043071161048689174,2.08
0.0806228294968605,0.0420640856027603,-0.0911100953817367,-0.0946143269538879,0.07817982456140357,2.08
0.12268691509962,-0.175267025828361,-0.052563514560461,0.059571985155344,0.09577042108224697,2.08
-0.115676626563072,-0.122687324881553,-0.0245297215878963,0.0595721788704395,0.059270963147587584,2.08
0.196262434124946,0.0105140591040253,-0.0315321646630764,0.0,0.07497927277034243,0.49
-0.161215305328369,0.168224662542343,-0.00700713647529482,0.0315321125090122,0.059247311827956894,0.49
-0.238317877054214,0.175233736634254,0.0455463118851184,0.0105106867849826,0.06167008358303094,0.49
-0.0630838274955749,-0.413549542427063,0.021021269261837,0.332836747169494,0.057592172000000004,0.49
0.206774085760116,-0.115653298795223,-0.0980989262461662,0.0665671303868293,0.068657402,0.49
-0.0876156985759735,0.234810084104537,-0.168168738484382,-0.091091401875019,0.07678554446029487,0.49
0.695123612880706,-0.139706224203109,-0.255602270364761,0.0511204525828361,0.21383647798742111,0.49
0.408897101879119,-0.0136299030855298,-0.0886089727282524,-0.173809900879859,0.19946696168158504,0.49
-0.276009559631347,0.637207210063934,-0.129507303237915,0.102242611348629,0.22059986366734846,0.49
-0.308437258005142,-0.354001879692077,-0.189207687973976,-0.00350384600460529,0.28622481722517945,0.4929257332973324
0.0315469875931739,-0.525783121585846,0.0735861435532569,0.0210246127098798,0.2726715379034765,2.076178949691444
0.634317994117736,0.318911254405975,-0.21370692551136,-0.0105101773515343,0.040985177270087166,1.2139044500457317
-0.217218697071075,-0.0945952385663986,-0.248670399188995,-0.0875599980354309,0.11226366439865053,0.7395406785464296
0.175168544054031,0.210202246904373,-0.0385247245430946,-0.0700449496507644,0.23529297874738334,0.5016926367110681
0.122570939362049,0.091052696108818,0.0175044629722833,-0.00700178509578108,0.01004797704174017,1.5078112646112514
0.0559334121644496,0.24470867216587,0.0698931813240051,-0.0733878389000892,0.08229115586521163,1.394502304838788
-0.23421524465084,-0.0838979929685592,-0.0209674201905727,0.0,0.02120286833775965,0.2145245003389467
0.213234201073646,-0.104869276285171,0.188701003789901,0.0698892548680305,0.005984564575577912,0.21111009935207486
0.234248921275138,-0.0769175589084625,0.0244654528796672,0.0873766168951988,0.007529250035025588,0.2135545277726041
0.0139845265075564,0.244729220867156,0.101353392004966,-0.031454499810934,0.007801893692171599,0.9669629264031079
-0.0244722906500101,0.0349604152143001,0.0279588364064693,-0.0594125278294086,0.0317307973607066,1.0052457565898345
0.160350635647773,0.00682343170046806,0.122844226658344,0.119431883096694,0.19071150766415004,0.21
0.221768900752067,-0.034118290990591,-0.119435787200927,-0.0409494116902351,0.021092854413450445,0.21
-0.0443507507443428,0.0579971335828304,-0.0887177288532257,0.0955421701073646,0.2760989572684524,0.21
0.0955246984958648,0.119405873119831,0.0511833131313324,-0.0818933025002479,0.02345303306958827,0.21
0.0750529468059539,-0.470786660909652,0.0614181980490684,0.0750666856765747,0.3025047848880753,0.21
-0.0307030361145734,-0.392316579818725,0.0955380499362945,-0.177427813410758,0.204590163934426,0.21
0.034114982932806,0.057995468378067,-0.0170606151223182,-0.0238848626613616,0.0498378059569448,0.21
0.0682281255722045,0.0648167207837104,-0.0853007957339286,0.0511804744601249,0.1929969104016479,0.21
0.214916840195655,-0.143277883529663,0.170600205659866,-0.0853001028299331,0.09553440702781811,0.21
-0.18421559035778,0.0614051967859268,-0.0853006392717361,0.0545924082398414,0.09832645753872513,0.21
-0.184212163090705,0.136453449726104,0.0238837394863367,0.0,0.05434618291761147,0.21
-0.0852885469794273,0.0,0.0136486701667308,0.0580068491399288,0.017790622992935014,0.21
0.20470605790615,0.0238823741674423,-0.0102371759712696,-0.0477734878659248,0.060846634281748566,0.21
0.235400587320327,-0.436685144901275,-0.143313512206077,-0.0784812122583389,0.14433097669546974,0.21
-0.020469868555665,0.201287046074867,-0.0716576427221298,0.0955435186624527,0.24314002116188838,0.21
-0.269479990005493,0.0341113917529583,-0.00341180618852376,0.0682361274957656,0.13864110045852407,0.21
0.218323364853858,0.163742527365684,0.126242786645889,0.399200141429901,0.3862105194037691,0.21
-0.0784558579325676,0.0,0.0818820819258689,-0.105764359235763,0.07033666165945031,0.21
0.054575327783823,-0.0955068245530128,0.0136463576927781,0.0102347685024142,0.04359833019863294,0.21
-0.167134448885917,-0.238763496279716,-0.0204692333936691,-0.00341153889894485,0.21815663735198396,0.21
0.382031261920928,-0.0341099351644516,-0.0443511046469211,0.0784673392772674,0.09253575529804768,0.21
0.211466714739799,-0.0238752737641334,-0.0102341435849666,-0.0955186709761619,0.04444444444444465,0.21
-0.0280434992164373,-0.105163119733333,0.101628191769123,0.00350442063063383,0.23468520859671305,0.4
-0.126197233796119,-0.276932805776596,0.0105133885517716,-0.0140178510919213,0.15487660844159867,0.4
0.0630985051393508,0.294459700584411,0.0280356537550687,-0.136673808097839,0.2635007580574165,0.4
0.0736144259572029,0.196305140852928,0.0455576255917549,-0.0175221636891365,0.24290243741330347,0.4
0.00701086269691586,0.161249846220016,-0.0806015357375145,0.19274279475212,0.2503258145363408,0.4
0.0175270680338144,-0.192797750234603,-0.150689035654068,0.0595747381448745,0.039123822605965475,0.4
0.192796766757965,-0.18929137289524,-0.0770963206887245,0.25231522321701,0.03982058047493378,0.4
0.0525805838406086,0.042064469307661,-0.01752177067101,0.0665827244520187,0.051772616136919275,0.4
0.0560852997004985,0.0,0.0,-0.0070086233317852,0.05923692691547953,0.4
0.0455691516399383,-0.571367025375366,0.0805988907814025,-0.220770880579948,0.05326431791617959,0.4
-0.147229820489883,0.178779065608978,0.161205008625984,0.119151532649993,0.3821612457616476,0.4
-0.0350548401474952,-0.0280438717454671,-0.091116189956665,-0.0140178753063082,0.39550387596899206,0.4
0.143726035952568,-0.119187444448471,0.115648470818996,0.126161962747573,0.4143399754572546,0.4
0.266421645879745,0.217343971133232,0.0245317425578832,0.199758484959602,0.10817211636859808,0.4
-0.0736167505383491,0.080627866089344,-0.0841091126203537,0.0771000236272811,0.1692261904761905,0.4
-0.0631004869937896,-0.252401947975158,0.105137094855308,0.0981279537081718,0.13561288802497484,0.4
0.497791916131973,-0.287457287311553,0.115650609135627,0.248824045062065,0.136,0.4
-0.133216112852096,-0.108676299452781,-0.0525701232254505,-0.105140246450901,0.38758217959625624,0.4
-0.0631023645401001,0.0911478623747825,-0.0525701232254505,-0.0420560985803604,0.2940550311307492,0.4
-0.290970146656036,-0.185800209641456,0.0700930282473564,0.273362815380096,0.3338943702843875,0.4
0.0210339538753032,-0.315509289503097,0.0350464582443237,-0.0070092910900712,0.367667462754464,0.4
-0.217348337173461,-0.0911460742354393,-0.206771686673164,-0.16471642255783,0.27457465794170144,0.4
0.0545085296034812,0.0953899249434471,-0.197626054286956,-0.0238514188677072,0.3289646218760142,0.4
-0.207812026143074,-0.0272540356963872,0.0851829275488853,-0.0783682912588119,0.3364004336826889,0.4
-0.143084287643432,-0.204406127333641,0.0102219935506582,0.0204439871013164,0.3530417335473517,0.4
-0.0885769128799438,-0.269137561321258,0.0647399723529815,-0.0715547055006027,0.393451711995205,0.4
-0.0919835269451141,0.0,-0.0136294392868876,-0.0885913595557212,0.32901785714285714,0.4
-0.0442887358367443,-0.228257343173027,0.0817773193120956,-0.1771841943264,0.3230844092649061,0.4
-0.0885784029960632,0.204411700367927,-0.143111810088157,0.129482120275497,0.3847620335316386,0.4
0.0545099005103111,-0.010220605880022,0.0783709213137626,-0.102222941815853,0.35794050343249445,0.4
0.0681382343173027,0.0988004356622695,0.122669070959091,-0.0272597931325435,0.1703595798512611,0.4
0.0374762639403343,-0.166939720511436,0.0238524693995714,-0.0204449724406003,0.1311330049261083,0.4
0.149904116988182,0.0851727947592735,0.160151287913322,-0.0511121153831481,0.14325538820005002,0.4
0.109022088348865,-0.126056790351867,0.279415220022201,-0.0442975386977195,0.12841101694915266,0.4
-0.132865652441978,-0.35090160369873,-0.0102221220731735,-0.0885917246341705,0.16224475905254576,0.4
-0.456509888172149,0.22484815120697,-0.0783691108226776,-0.228292629122734,0.1730999443207126,0.4
-0.149900645017623,0.115832321345806,-0.0477035343647003,-0.112444050610065,0.14883180285946765,0.4
-0.0306586623191833,-0.528010308742523,0.0102212438359856,-0.0306637324392795,0.12825857121280776,0.4
0.0442845486104488,0.0204390231519937,-0.112433210015296,-0.0442918725311756,0.05126141983069318,0.4
0.143072262406349,-0.0647231638431549,-0.0476986393332481,0.296412974596023,0.1226276191246663,0.4
-0.200983315706253,0.0783494263887405,0.057920023798942497,0.0442917831242084,0.1186071078246437,0.4
-0.177137091755867,0.115820407867431,-0.0545127354562282,0.0545127354562282,0.1543800642103653,0.4
0.153294295072555,-0.25889703631401,0.0511065423488616,-0.0136284120380878,0.14565565886502096,0.4
0.136261016130447,-0.241863310337066,-0.0306637994945049,-0.112433932721614,0.12858197250668868,0.4
-0.185254409909248,0.083888791501522,-0.122295759618282,0.104824937880039,0.4144595309469231,0.21
-0.0384499467909336,0.08738624304533,0.031448233872652,0.0803677067160606,0.34932296026392273,0.21
0.353030830621719,0.0873838663101196,0.0698830559849739,0.0,0.30348799405508364,0.21
-0.0104857785627245,0.241172909736633,0.0244584027677774,0.0174702871590852,0.27966928132287483,0.21
0.0489349737763404,0.167777046561241,0.010482458397746,-0.104824587702751,0.35331110052405923,0.21
-0.213209405541419,0.0174761805683374,0.00698806764557957,0.0349403358995914,0.31971807719839235,0.21
-0.0279603190720081,-0.115336321294307,0.129271984100341,-0.132765814661979,0.2360187458156664,0.21
-0.122322045266628,0.122322045266628,0.0943302288651466,-0.0349371209740638,0.2821359024290251,0.21
-0.157267779111862,0.059412270784378,0.00349363451823592,0.1292644739151,0.31381350744745967,0.21
-0.125819101929664,-0.398427158594131,-0.164207279682159,0.0,0.34465195246179986,0.21
0.150272578001022,-0.314523994922637,-0.104805096983909,0.0698700621724128,0.33404689092762496,0.21
0.136292114853858,0.251616209745407,-0.0698692202568054,-0.038428071886301,0.31458431663407727,0.21
0.125810444355011,0.241136685013771,0.0593899600207805,-0.0454158522188663,0.28003999368520754,0.21
-0.185221537947654,0.150274083018302,0.10829970985651,-0.118780329823493,0.28307991255768783,0.21
-0.297050923109054,0.48926031589508,0.0978182554244995,-0.0419221073389053,0.2758649221699331,0.21
0.345968693494796,0.00349463312886655,0.0524013750255107,-0.146723851561546,0.34833774639599907,0.21
0.0524184219539165,0.0139782456681132,0.017466764897108,0.153707519173622,0.2720647773279353,0.21
-0.0139781255275011,-0.00698906276375055,0.11178632825613,0.0104799680411815,0.24504712444700927,0.21
0.0,-0.104834325611591,-0.0803451836109161,-0.0244528818875551,0.3129023532593996,0.21
-0.19221107661724,-0.125810891389846,0.143235102295875,0.18515758216381,0.32690304983882973,0.21
-0.230646207928657,-0.272581875324249,-0.209605857729911,0.0524014644324779,0.3130257571469004,0.21
-0.125816628336906,-0.48229706287384,0.0978236198425293,0.0314433053135871,0.3113087553196576,0.21
0.045434471219778,-0.125818535685539,0.234081551432609,0.17818146944046,0.31760018748535307,0.21
0.24814549088478,0.653566300868988,0.0559008345007896,0.209628134965896,0.27321855278475593,0.21
-0.115337587893009,-0.108347430825233,-0.0454203560948371,0.122285574674606,0.3494411704938021,0.21
0.0559221133589744,-0.220193326473236,-0.125781372189521,-0.132769227027893,0.3787880872137013,0.21
-0.272625893354415,-0.209712222218513,0.00349399866536259,0.0244579911231994,0.3119748572894619,0.21
-0.0524283200502395,-0.408940881490707,0.094338446855545,0.0244581159204244,0.07733783883052947,0.21
0.19572240114212,-0.129316583275794,-0.00349383801221847,0.0628890842199325,0.2657627118644069,0.21
-0.00349512510001659,0.580190777778625,0.178189978003501,-0.125781163573265,0.2761614106476774,0.21
-0.038444884121418,-0.0279599167406559,-0.279502749443054,-0.038431629538536,0.3505906281780492,0.21
0.0279593039304018,0.0664033517241478,0.0279496535658836,-0.0209622401744127,0.3673061421892631,0.21
-0.111837789416313,0.139797240495681,-0.0943305715918541,-0.499602645635604,0.3941959251184124,0.21
0.293578147888183,0.0768895149230957,-0.241070315241813,0.0349377244710922,0.3468590321611061,0.21
0.300572216510772,0.401927947998046,-0.0978269651532173,-0.279505610466003,0.2582010582010583,0.21
-0.0419420935213565,-0.171263545751571,-0.0104819070547819,0.0454215966165065,0.30763003440599074,0.21
0.157287895679473,-0.132820889353752,-0.0209644921123981,-0.115304701030254,0.3099255746558654,0.21
0.0174766406416893,-0.244672983884811,-0.0419294834136962,0.0663883462548255,0.4691463318328989,0.21
-0.108350351452827,0.625635921955108,0.0873492136597633,-0.0139758745208382,0.3274511330893233,0.21
0.167762845754623,-0.248149216175079,-0.0454201214015483,-0.0349385552108287,0.2826859290926512,0.21
-0.21318170428276,-0.167749539017677,-0.052403625100851,-0.213108077645301,0.2981183441428459,0.21
0.125811725854873,-0.174738511443138,0.0,-0.0244549419730901,0.26203660253402156,0.21
0.0174754951149225,0.0768921822309494,0.00349389668554067,0.0698779374361038,0.47892693258030383,0.21
-0.00349512277171015,0.0629122108221054,-0.0139756826683878,0.0174696035683155,0.2733577206450616,0.21
-0.0104857962578535,-0.304088085889816,0.0419287607073783,0.0943397134542465,0.22299592571035481,0.21
0.0,-0.0314617082476615,0.0698907151818275,0.0454289652407169,0.30810125298026664,0.4
-0.17478996515274,0.0873949825763702,0.101343095302581,0.0524188391864299,0.19425510686341468,0.4
0.342595398426055,0.0104876141995191,-0.017473304644227,0.0489252507686615,0.21671245015507307,0.4
0.122354857623577,0.0734129175543785,0.0629035755991935,-0.0733875036239624,0.19297118651957335,0.4
-0.209747940301895,0.0419495850801467,-0.0454296618700027,0.0,0.265656565656566,0.4
0.237710639834404,-0.321608513593673,0.0629016458988189,0.0454289652407169,0.28121970289288484,0.4
-0.150313422083854,0.0908871814608573,0.0559112355113029,0.00349445221945643,0.3783062585934714,0.4
-0.0349557772278785,0.286637365818023,-0.108325436711311,-0.192190289497375,0.28817855955064486,0.4
0.314604133367538,0.0524340234696865,0.0139775713905692,-0.132786929607391,0.32386294354346995,0.4
0.164294958114624,0.213233888149261,-0.06639414280653,-0.108327284455299,0.32987158012283635,0.4
0.188762515783309,0.143319681286811,0.0384383238852024,-0.0838654339313507,0.31434409480997116,0.4
-0.33207768201828,-0.10486663877964,0.0873586311936378,0.0209660716354846,0.29444417056938615,0.4
0.0174778942018747,0.307610929012298,0.0174718461930751,0.0314493216574192,0.27963963963963967,0.4
